"","taxon","cohenD","power","fdr"
"1","Bacteria;Bacteroidetes;NA;NA;NA;NA;NA;",-2.59748641099557,0.995182056650089,0.00735294117647059
"2","Bacteria;Firmicutes;NA;NA;NA;NA;NA;",0.372753417383718,0.100637428206723,0.00735294117647059
"3","Bacteria;Actinobacteria;NA;NA;NA;NA;NA;",0.81107047101923,0.297335402941706,0.00735294117647059
"4","Bacteria;Deinococcus-Thermus;NA;NA;NA;NA;NA;",0.764506559218315,0.269798197568322,0.00735294117647059
"5","Eukaryota;Ascomycota;NA;NA;NA;NA;NA;",1.35526139292726,0.663097849810294,0.0382352941176471
"6","Unclassified",2.54368901091712,0.993702707772995,0.155354449472097
"7","Bacteria;Proteobacteria;NA;NA;NA;NA;NA;",0.655397369525973,0.210895563345677,0.547672915319974
