OTU,Genus,Mean,SD,SE
Otu0014,Prevotella_1,0.967821319,1.918900406,0.959450203
Otu0018,Bacteroidia_unclassified,0.965747038,1.920275305,0.960137653
Otu0084,Streptococcus,0.025104154,0.029640794,0.014820397
