"Compound","P-value","Lower_CI","Upper_CI","AdjP"
"Acetate","0.817520602641764","-0.4388","640.682500985555",0.972222222222222
"Butyrate","0.0571428571428571","1.375","19.6798",0.168462461303868
"Fructose","0.049745990721503","15.9188","78.1856",0.168462461303868
"Glucose","0.833333333333333","-5.5578","118.3244",0.972222222222222
"Glutamate","0.0721981977016576","-6.3684","-0.8701",0.168462461303868
"Lactate","0.492810896842702","-1.2644286611013","33.6837053588312",0.862419069474729
"Phenylalanine","1","-1.0889","0.0918",1
