"Compound","P-value","Lower_CI","Upper_CI","AdjP"
"Acetate","0.0174825174825175","146.5853","442.747",0.0519061604476144
"Butyrate","0.00606060606060606","26.6213","86.1594",0.0424242424242424
"Fructose","0.0727272727272727","-78.2085","81.2193",0.127272727272727
"Glucose","0.317599067599068","-8.3605","23.0413",0.444638694638695
"Glutamate","0.0222454973346919","5.6804","67.5052127939429",0.0519061604476144
"Lactate","0.625512476416199","-30.4614631986793","0.475936010594983",0.729764555818899
"Phenylalanine","1","-0.4905","0.4717",1
