"Compound","P-value","Lower_CI","Upper_CI","AdjP"
"Acetate","0.00252525252525253","193.4871","442.7915",0.0126262626262626
"Butyrate","0.0166666666666667","26.6213","98.9563",0.0416666666666668
"Fructose","0.116666666666667","-37.6385","126.9481",0.194444444444445
"Glucose","0.202020202020202","-5.8823","23.4122",0.252525252525252
"Lactate","0.529619299003452","-3.46397257680017","0.459837737086435",0.529619299003452
