"Compound","P-value","Lower_CI","Upper_CI","AdjP"
"Acetate","0.00606060606060606","137.2986","1053.1179",0.0121212121212121
"Butyrate","0.0100305426958055","28.0497398575289","97.6772847907754",0.0140740584755248
"Fructose","0.00606060606060606","3.1315","166.7835",0.0121212121212121
"Glucose","0.00606060606060606","2.7965","42.6798",0.0121212121212121
"Glutamate","0.0105555438566436","6.68449258608336","67.2531234688508",0.0140740584755248
"Lactate","0.0158730158730159","0.536","4.1386",0.018140589569161
"Phenylalanine","0.0650637068788199","-0.0227565264813522","0.72312831276542",0.0650637068788199
"Propionate","0.00606060606060606","18.7679","57.1542",0.0121212121212121
