"Compound","P-value","Lower_CI","Upper_CI","AdjP"
"Acetate","0.0435966448855414","10.2314","16.5627",0.0952380952380952
"Butyrate","0.696466485711776","-0.0490999999999999","2.7193",0.696466485711776
"Fructose","0.049745990721503","-14.5288","-7.3786",0.0952380952380952
"Glucose","0.228571428571429","-6.1187","0.9877",0.285714285714286
"Lactate","0.0571428571428571","-1.9104","-0.8267",0.0952380952380952
