Season,Domain,Phylum,Mean,SD,SE
Spring,Bacteria,Bacteroidetes,43.96966783,9.369211984,3.824964775
Spring,Bacteria,Firmicutes,16.359771,5.083721715,2.075420699
Spring,Unclassified,NA,39.67056117,5.243916247,2.140819843
Summer,Bacteria,Bacteroidetes,47.53558,10.4029416,4.246983124
Summer,Bacteria,Firmicutes,10.96129517,3.055241674,1.24729719
Summer,Unclassified,NA,41.50312483,7.828562114,3.1959971
Winter,Bacteria,Bacteroidetes,58.7541542,12.17707218,5.445752234
Winter,Bacteria,Firmicutes,10.867695,6.087605462,2.722459926
Winter,Unclassified,NA,30.3781508,10.57639712,4.729908582
