Season,Domain,Phylum,Mean,SD,SE
Spring,Bacteria,Bacteroidetes,7.775831667,4.549445265,1.857303252
Spring,Bacteria,Firmicutes,29.0777965,6.870128411,2.804718179
Spring,Unclassified,NA,63.14637183,6.435877392,2.627435943
Summer,Bacteria,Bacteroidetes,5.79276,3.599008546,1.469289086
Summer,Bacteria,Firmicutes,28.2687095,12.49032382,5.099153349
Summer,Unclassified,NA,65.9385305,10.17495694,4.153908777
Winter,Bacteria,Bacteroidetes,10.3138534,5.440344071,2.432995833
Winter,Bacteria,Firmicutes,29.1017318,11.49126967,5.139052025
Winter,Unclassified,NA,60.5844148,13.79316221,6.168489666
