Season,Domain,Phylum,Mean,SD,SE
Spring,Bacteria,Bacteroidetes,19.799682,13.94016575,5.691048835
Spring,Bacteria,Firmicutes,41.37106467,10.88039498,4.44190265
Spring,Unclassified,NA,38.82925333,17.30706138,7.06557822
Summer,Bacteria,Bacteroidetes,24.276165,9.893367416,4.038950334
Summer,Bacteria,Firmicutes,36.117902,9.836409572,4.015697392
Summer,Unclassified,NA,39.605933,17.25926603,7.04606585
Winter,Bacteria,Bacteroidetes,65.3333352,20.62899776,9.225568258
Winter,Bacteria,Firmicutes,17.3333336,20.46677523,9.15302014
Winter,Unclassified,NA,17.3333312,16.73319878,7.48331399
